dx12_present_barrier,v1
gl_cadscene_rendertechniques,v1
gl_commandlist_basic,v1
gl_cuda_simple_interop,v1
gl_dynamic_lod,v1
gl_multi_view_rendering,v1
gl_multicast,v1
gl_occlusion_culling,v1
gl_path_rendering_CMYK,v1
gl_render_vk_ddisplay,v1
gl_ssao,v1
gl_vk_async_copy,
gl_vk_meshlet_cadscene,v1
gl_vk_raytrace_interop,v1
gl_vk_simple_interop,
gl_vrs,v1
glsl_indexed_types_generator,v1
nv_cluster_builder,v1
nv_cluster_lod_builder,v1
nvml_enterprise_gpu_check,v1
nvtt_samples,v1
optix_advanced_samples,v1
shared_external,v1
third_party_binaries,v1
vk_animated_clusters,
vk_async_resources,v1
vk_compute_mipmaps,v1
vk_ddisplay,v1
vk_denoise_nrd,v1
vk_denoise_dlssrr,
vk_device_generated_cmds,v1
vk_gaussian_splatting,
vk_gltf_renderer,
vk_idbuffer_rasterization,
vk_inherited_viewport,v1
vk_lod_clusters,
vk_memory_decompression,v1
vk_mini_path_tracer,v1
vk_mini_samples,
vk_minimal_latest,v1
vk_offline,v1
vk_optix_denoise,v1
vk_order_independent_transparency,
vk_partitioned_tlas,
vk_raytracing_tutorial_KHR,
vk_slang_editor,
vk_streamline,v1
vk_tessellated_clusters,
vk_timeline_semaphore,v1
vk_toon_shader,v1
vk_video_samples,v1
xr_multi_gpu,v1
